<?xml version="1.0" encoding="UTF-8"?>
<!DOCTYPE hibernate-configuration PUBLIC "-//Hibernate/Hibernate Configuration DTD 3.0//EN"
                                         "http://hibernate.sourceforge.net/hibernate-configuration-3.0.dtd">
<hibernate-configuration>
 <session-factory>
  <property name="hibernate.connection.driver_class">org.h2.Driver</property>
  <property name="hibernate.connection.url">jdbc:h2:file:~/works_proje</property>
  <property name="hibernate.connection.username">sa</property>
  <property name="hibernate.hbm2ddl.auto">update</property>
  <mapping class="com.works.fivedays.useHibernate.Note"/>
 </session-factory>
</hibernate-configuration>
